1285,303,,004,9929,6443,31,0,9/12 1,0:38,00:47,01:,20,
1296,303,,004,9414,7541,10,0,9/12 1,0:43,03:49,02:,40,
1302,303,,004,9309,0216,09,0,9/12 1,0:50,02:17,01:,20,
1309,303,,004,9460,9829,59,0,9/12 1,0:52,00:10,01:,20,
1314,303,24,004,9414,0576,79,0,9/12 1,0:58,05:51,00:,00,R*
1317,303,,004,9460,9829,59,0,9/12 1,1:00,00:32,01:,20,
1323,303,,004,9414,0576,79,0,9/12 1,1:04,01:36,01:,20,
1380,303,,004,9001,4203,40,0,9/12 1,1:29,08:28,03:,60,*
1386,303,,004,0999,9111,483,0,9/12 1,1:30,00:20,02:,40,S
1407,303,,004,9828,5348,12,0,9/12 1,1:39,00:14,01:,20,
1438,303,,004,9829,0238,97,0,9/12 1,1:55,14:41,06:,00,#
1464,303,,004,9414,3144,15,0,9/12 1,2:07,00:29,01:,20,
1471,303,,004,9828,0154,40,0,9/12 1,2:10,00:38,01:,20,
1487,303,,004,9001,4203,40,0,9/12 1,2:19,03:33,02:,40,
1510,303,,004,9828,1603,03,0,9/12 1,2:29,00:42,01:,20,
1521,303,,004,9875,0052,01,0,9/12 1,2:39,01:10,01:,20,
1556,303,,004,0941,8072,420,0,9/12 1,3:01,18:04,16:,80,S  #
1574,303,,004,0922,7502,204,0,9/12 1,3:15,02:37,02:,40,S
1586,303,,004,9314,0535,30,0,9/12 1,3:23,00:38,01:,20,
1594,303,,004,9314,0535,30,0,9/12 1,3:29,05:05,02:,40,*
1624,303,,004,9001,5667,77,0,9/12 1,4:20,00:07,01:,20,
1636,303,,004,9928,0155,88,0,9/12 1,4:35,00:15,01:,20,
1660,303,,004,9950,4141,41,0,9/12 1,4:48,01:16,01:,20,
1666,303,,004,9928,0155,88,0,9/12 1,4:52,01:42,01:,20,
1720,303,,004,9982,5077,78,0,9/12 1,5:21,02:16,01:,20,
1745,303,,004,9982,5077,78,0,9/12 1,5:33,02:32,01:,20,
1761,303,,004,9887,4902,10,0,9/12 1,5:40,00:28,01:,20,
1819,303,,004,0971,8508,029,0,9/12 1,6:15,15:50,14:,40,S  #
1847,303,,004,9828,1603,03,0,9/12 1,6:27,02:48,01:,20,
1863,303,,004,9414,3144,15,0,9/12 1,6:34,00:01,01:,20,
1882,303,,004,0986,9268,215,0,9/12 1,6:41,01:09,02:,40,S
1883,303,09,004,9869,2682,15,0,9/12 1,6:42,00:00,00:,00,U
1908,303,,004,0999,9111,483,0,9/12 1,6:54,01:05,02:,40,S
1930,303,,004,9414,3144,15,0,9/12 1,7:02,02:40,01:,20,
1953,303,,004,9351,3559,10,0,9/12 1,7:30,00:12,01:,20,
1969,303,,004,9928,8712,45,0,9/12 1,7:35,00:55,01:,20,
1976,303,,004,9694,0710,00,0,9/12 1,7:39,01:19,01:,20,
1981,303,05,004,9694,0710,00,0,9/12 1,7:41,00:08,00:,00,R
1989,303,,004,9636,6618,78,0,9/12 1,7:43,01:18,01:,20,
2103,303,,004,9414,6521,47,0,9/12 1,8:35,08:10,03:,60,*
2146,303,,004,8107,5871,72,0,9/12 1,9:53,06:18,03:,60,*
1628,304,,004,0989,1743,399,0,9/12 1,4:23,01:48,02:,40,S
1646,304,,004,0801,0809,737,0,9/12 1,4:42,07:40,07:,20,S  *
1665,304,,004,0986,8504,739,0,9/12 1,4:52,03:28,04:,80,S
1294,305,,004,0921,0023,853,0,9/12 1,0:43,01:37,02:,40,S
1303,305,,004,0981,1540,144,0,9/12 1,0:51,01:01,02:,40,S
1310,305,,004,0987,3030,880,0,9/12 1,0:57,00:54,02:,40,S
1320,305,,004,0999,9802,943,0,9/12 1,1:01,00:44,02:,40,S
1325,305,,004,0963,2977,988,0,9/12 1,1:05,00:11,02:,40,S
1335,305,,004,0999,9659,355,0,9/12 1,1:09,00:58,02:,40,S
1342,305,,004,0917,7100,009,0,9/12 1,1:12,00:00,02:,40,S
1344,305,,004,0987,1252,477,0,9/12 1,1:13,00:48,02:,40,S
1350,305,,004,0991,0004,216,0,9/12 1,1:15,00:36,02:,40,S
1360,305,,004,0750,3028,333,0,9/12 1,1:18,01:56,02:,40,S
1375,305,,004,0998,2122,241,0,9/12 1,1:24,01:05,02:,40,S
1384,305,,004,0921,2127,568,0,9/12 1,1:30,02:15,02:,40,S
1389,305,,004,0971,7141,133,0,9/12 1,1:32,01:14,02:,40,S
1393,305,,004,0981,0649,347,0,9/12 1,1:33,00:12,02:,40,S
1399,305,,004,0989,9811,113,0,9/12 1,1:35,01:26,02:,40,S
1406,305,,004,0991,1111,357,0,9/12 1,1:39,00:26,02:,40,S
1410,305,,004,0991,0040,135,0,9/12 1,1:41,00:59,02:,40,S
1424,305,,004,0987,1888,433,0,9/12 1,1:49,01:28,02:,40,S
1430,305,,004,0999,0918,769,0,9/12 1,1:53,01:10,02:,40,S
1437,305,,004,0956,0886,210,0,9/12 1,1:55,00:51,02:,40,S
1440,305,,004,0997,1460,009,0,9/12 1,1:56,00:21,02:,40,S
1452,305,,004,0989,9112,975,0,9/12 1,2:00,03:29,04:,80,S
1465,305,,004,0995,8203,444,0,9/12 1,2:07,01:52,02:,40,S
1469,305,,004,0921,1647,857,0,9/12 1,2:09,01:21,02:,40,S
1475,305,,004,0981,8572,776,0,9/12 1,2:11,01:05,02:,40,S
1480,305,,004,0981,8161,604,0,9/12 1,2:15,00:57,02:,40,S
1492,305,,004,0943,8039,131,0,9/12 1,2:20,01:43,02:,40,S
1505,305,,004,0999,9263,989,0,9/12 1,2:27,00:57,02:,40,S
1509,305,,004,0999,0910,080,0,9/12 1,2:29,00:46,02:,40,S
1514,305,05,004,9646,1178,11,0,9/12 1,2:33,02:22,00:,00,R
1522,305,,004,0958,2301,090,0,9/12 1,2:39,01:02,02:,40,S
1531,305,,004,0987,3855,411,0,9/12 1,2:47,04:44,04:,80,S
1542,305,,004,0886,0055,087,0,9/12 1,2:51,01:55,02:,40,S
1564,305,,004,0981,0120,158,0,9/12 1,3:08,07:53,07:,20,S  *
1581,305,,004,0987,1908,586,0,9/12 1,3:19,01:20,02:,40,S
1587,305,,004,0981,0780,273,0,9/12 1,3:24,00:51,02:,40,S
1618,305,,004,0981,0094,107,0,9/12 1,4:17,00:18,02:,40,S
1627,305,,004,0981,0387,481,0,9/12 1,4:22,00:19,02:,40,S
1637,305,04,004,9289,8425,14,0,9/12 1,4:35,00:17,00:,00,R
1652,305,,004,0986,8799,941,0,9/12 1,4:44,00:41,02:,40,S
1659,305,,004,0981,8967,585,0,9/12 1,4:47,01:43,02:,40,S
1668,305,,004,0981,1097,292,0,9/12 1,4:55,01:18,02:,40,S
1694,305,,004,0989,9497,797,0,9/12 1,5:08,01:38,02:,40,S
1701,305,,004,0981,0360,047,0,9/12 1,5:12,01:03,02:,40,S
1709,305,,004,0997,1166,748,0,9/12 1,5:16,00:37,02:,40,S
1724,305,,004,0931,0126,010,0,9/12 1,5:22,03:39,04:,80,S
1732,305,,004,0981,0067,492,0,9/12 1,5:27,01:39,02:,40,S
1742,305,,004,0921,0482,853,0,9/12 1,5:31,00:44,02:,40,S
1751,305,,004,0987,1931,726,0,9/12 1,5:35,01:05,02:,40,S
1756,305,,004,0981,1295,174,0,9/12 1,5:37,00:47,02:,40,S
1772,305,,004,0981,1981,032,0,9/12 1,5:46,00:43,02:,40,S
1779,305,,004,0989,9708,891,0,9/12 1,5:51,01:07,02:,40,S
1784,305,,004,0989,9112,975,0,9/12 1,5:54,00:58,02:,40,S
1797,305,,004,5109,750,,0,9/12 1,6:02,02:03,01:,20,
1814,305,32,004,9001,9067,33,0,9/12 1,6:12,00:30,00:,00,R
1831,305,,004,0900,1906,733,0,9/12 1,6:20,04:11,04:,80,S
1837,305,,004,0981,0537,531,0,9/12 1,6:23,00:54,02:,40,S
1843,305,,004,0976,6033,506,0,9/12 1,6:26,01:45,02:,40,S
1848,305,06,004,9194,8049,9018,0,9/12 1,6:27,00:18,00:,00,R
1855,305,,004,0948,0499,018,0,9/12 1,6:30,00:52,02:,40,S
1858,305,,004,0986,8265,404,0,9/12 1,6:33,01:46,02:,40,S
1881,305,,004,0981,1331,507,0,9/12 1,6:41,00:48,02:,40,S
1894,305,,004,0981,0882,219,0,9/12 1,6:49,01:00,02:,40,S
1929,305,,004,0971,6141,555,0,9/12 1,7:00,00:30,02:,40,S
1961,305,,004,0995,3254,090,0,9/12 1,7:33,01:52,02:,40,S
1970,305,,004,0981,1006,159,0,9/12 1,7:36,00:31,02:,40,S
1974,305,,004,0989,1837,137,0,9/12 1,7:38,00:48,02:,40,S
1984,305,,004,0989,9422,536,0,9/12 1,7:42,00:15,02:,40,S
1992,305,,004,0989,9422,536,0,9/12 1,7:45,01:04,02:,40,S
1996,305,,004,0991,1983,804,0,9/12 1,7:47,00:42,02:,40,S
2008,305,,004,0987,3911,939,0,9/12 1,7:49,00:54,02:,40,S
2010,305,,004,0958,2570,693,0,9/12 1,7:52,00:41,02:,40,S
2034,305,04,004,8010,5841,01,0,9/12 1,8:06,00:14,00:,00,R
2039,305,,004,0801,0584,101,0,9/12 1,8:07,00:42,02:,40,S
2059,305,,004,0981,0920,934,0,9/12 1,8:14,00:34,02:,40,S
2065,305,05,004,9810,1465,50,0,9/12 1,8:16,00:34,00:,00,R
2072,305,,004,0965,0376,628,0,9/12 1,8:19,00:41,02:,40,S
2083,305,,004,0989,9915,003,0,9/12 1,8:26,00:14,02:,40,S
2104,305,,004,0995,8196,421,0,9/12 1,8:36,08:43,07:,20,S  *
2111,305,20,004,9899,1006,06,0,9/12 1,8:42,00:00,00:,00,U
2114,305,,004,0981,0649,347,0,9/12 1,8:45,04:24,04:,80,S
2117,305,04,004,9891,2976,51,0,9/12 1,8:47,00:42,00:,00,R
2122,305,,004,0981,0649,347,0,9/12 1,8:51,02:33,02:,40,S
2138,305,,004,0965,0101,257,0,9/12 1,8:58,00:53,02:,40,S
2150,305,21,004,9899,1006,06,0,9/12 2,1:31,02:44,00:,00,R
2152,305,10,004,9899,1006,06,0,9/12 2,1:49,17:42,00:,00,R#
1278,306,,004,0995,8632,877,0,9/12 1,0:31,02:04,02:,40,S
1287,306,,004,0886,0055,087,0,9/12 1,0:38,01:49,02:,40,S
1292,306,,004,0981,0033,610,0,9/12 1,0:42,01:53,02:,40,S
1333,306,,004,0995,3891,795,0,9/12 1,1:09,04:53,04:,80,S
1349,306,,004,0981,0033,610,0,9/12 1,1:15,01:37,02:,40,S
1371,306,,004,0995,8080,548,0,9/12 1,1:23,08:01,07:,20,S  *
1388,306,,004,0995,3891,795,0,9/12 1,1:31,04:17,04:,80,S
1409,306,,004,0995,8080,548,0,9/12 1,1:40,02:21,02:,40,S
1411,306,,004,0995,8080,548,0,9/12 1,1:41,00:47,02:,40,S
1420,306,,004,0995,3891,795,0,9/12 1,1:48,03:28,04:,80,S
1529,306,,004,0114,5189,008,0,9/12 1,2:46,05:21,04:,80,S  *
1682,306,,004,0965,4323,212,0,9/12 1,5:00,00:20,02:,40,S
1700,306,,004,0995,3891,795,0,9/12 1,5:11,01:42,02:,40,S
1735,306,,004,0981,0033,610,0,9/12 1,5:28,08:48,07:,20,S  *
1748,306,,004,0999,9179,460,0,9/12 1,5:34,03:42,04:,80,S
1763,306,,004,0965,4189,049,0,9/12 1,5:41,01:10,02:,40,S
1805,306,,004,0958,2228,241,0,9/12 1,6:08,02:09,02:,40,S
1874,306,,004,0935,2491,834,0,9/12 1,6:38,13:52,12:,00,S  #
1877,306,,004,0997,1500,011,0,9/12 1,6:40,00:36,02:,40,S
1889,306,,004,0987,1952,473,0,9/12 1,6:44,03:34,04:,80,S
1910,306,,004,0971,1394,191,0,9/12 1,6:54,01:01,02:,40,S
1916,306,,004,0931,0053,555,0,9/12 1,6:56,00:58,02:,40,S
1925,306,,004,0921,2224,947,0,9/12 1,6:58,00:38,02:,40,S
1927,306,,004,0965,0984,760,0,9/12 1,6:59,00:53,02:,40,S
1971,306,,004,0981,0033,610,0,9/12 1,7:37,01:00,02:,40,S
2001,306,,004,0999,9929,929,0,9/12 1,7:48,02:35,02:,40,S
2097,306,,004,0981,8906,360,0,9/12 1,8:32,00:43,02:,40,S
2123,306,20,004,9711,0191,66,0,9/12 1,8:52,00:00,00:,00,U
2127,306,,004,0931,0205,930,0,9/12 1,8:53,03:57,04:,80,S
2130,306,18,004,9711,0191,66,0,9/12 1,8:54,00:00,00:,00,U
2132,306,16,004,9711,0191,66,0,9/12 1,8:54,00:00,00:,00,U
2133,306,,004,0931,0205,930,0,9/12 1,8:54,00:40,02:,40,S
2137,306,08,004,9711,0191,66,0,9/12 1,8:55,00:42,00:,00,R
2168,306,,004,0931,0205,930,1,0/12 1,1:20,00:06,02:,40,S
1311,307,,004,0981,0030,307,0,9/12 1,0:57,01:57,02:,40,S
1321,307,,004,0981,0110,841,0,9/12 1,1:02,01:31,02:,40,S
1346,307,,004,0981,0856,699,0,9/12 1,1:14,00:29,02:,40,S
1353,307,,004,0981,1262,229,0,9/12 1,1:16,00:21,02:,40,S
1365,307,,004,0987,1361,733,0,9/12 1,1:20,01:41,02:,40,S
1376,307,,004,0991,1710,998,0,9/12 1,1:27,04:41,04:,80,S
1394,307,,004,0999,9765,343,0,9/12 1,1:33,00:48,02:,40,S
1413,307,,004,0783,8380,183,0,9/12 1,1:42,00:19,02:,40,S
1416,307,,004,0991,1278,784,0,9/12 1,1:43,00:49,02:,40,S
1436,307,,004,0997,1498,627,0,9/12 1,1:55,00:39,02:,40,S
1459,307,,004,0909,6771,117,0,9/12 1,2:04,01:18,02:,40,S
1466,307,,004,0931,0610,835,0,9/12 1,2:07,01:30,02:,40,S
1494,307,,004,0981,8593,238,0,9/12 1,2:21,01:27,02:,40,S
1507,307,,004,0988,8086,139,0,9/12 1,2:28,00:26,02:,40,S
1544,307,,004,0986,8746,049,0,9/12 1,2:51,00:10,02:,40,S
1549,307,,004,0986,8746,049,0,9/12 1,2:53,01:04,02:,40,S
1604,307,,004,0742,8230,740,0,9/12 1,3:55,00:56,02:,40,S
1605,307,,004,0931,2432,925,0,9/12 1,4:00,00:52,02:,40,S
1608,307,,004,0999,9559,896,0,9/12 1,4:02,00:49,02:,40,S
1611,307,,004,0999,9559,896,0,9/12 1,4:09,01:21,02:,40,S
1613,307,,004,0995,8777,850,0,9/12 1,4:12,00:39,02:,40,S
1641,307,,004,0987,1835,257,0,9/12 1,4:37,00:37,02:,40,S
1645,307,,004,0954,0041,019,0,9/12 1,4:41,00:31,02:,40,S
1653,307,,004,0981,0856,699,0,9/12 1,4:45,01:55,02:,40,S
1656,307,,004,0981,0856,699,0,9/12 1,4:47,01:47,02:,40,S
1809,307,,004,0981,1123,741,0,9/12 1,6:10,00:37,02:,40,S
1824,307,,004,0995,8090,032,0,9/12 1,6:16,00:52,02:,40,S
1827,307,,004,0981,1533,086,0,9/12 1,6:19,00:12,02:,40,S
1828,307,,004,0981,1533,086,0,9/12 1,6:19,00:18,02:,40,S
1829,307,02,004,9811,5330,86,0,9/12 1,6:19,00:02,00:,00,R
1832,307,06,004,9811,5330,86,0,9/12 1,6:21,00:44,00:,00,R
1840,307,,004,0999,9223,935,0,9/12 1,6:25,00:32,02:,40,S
1868,307,,004,0958,2426,631,0,9/12 1,6:37,01:03,02:,40,S
1887,307,,004,0986,8652,206,0,9/12 1,6:43,00:42,02:,40,S
1891,307,,004,0981,8873,908,0,9/12 1,6:46,00:55,02:,40,S
1896,307,,004,0925,0063,157,0,9/12 1,6:49,00:46,02:,40,S
1934,307,,004,0989,9982,669,0,9/12 1,7:07,00:21,02:,40,S
1939,307,,004,0986,8206,044,0,9/12 1,7:17,00:21,02:,40,S
1942,307,,004,0971,1059,821,0,9/12 1,7:21,01:21,02:,40,S
1945,307,,004,0981,0595,763,0,9/12 1,7:26,01:34,02:,40,S
1960,307,,004,0971,1807,997,0,9/12 1,7:32,00:52,02:,40,S
1966,307,,004,0999,9909,345,0,9/12 1,7:34,00:22,02:,40,S
1980,307,,004,0987,1510,494,0,9/12 1,7:41,01:01,02:,40,S
1991,307,,004,0981,8427,209,0,9/12 1,7:45,00:10,02:,40,S
1993,307,,004,0981,8427,209,0,9/12 1,7:46,00:45,02:,40,S
2027,307,,004,0931,0478,011,0,9/12 1,8:03,04:57,04:,80,S
2053,307,,004,0931,7782,109,0,9/12 1,8:12,01:33,02:,40,S
2084,307,,004,0767,7196,915,0,9/12 1,8:27,04:04,04:,80,S
2089,307,24,004,9317,7821,10,0,9/12 1,8:29,00:00,00:,00,U
2093,307,,004,0989,9169,608,0,9/12 1,8:30,01:03,02:,40,S
2107,307,32,004,9888,0807,89,0,9/12 1,8:39,00:22,00:,00,R
2110,307,,004,0988,8080,789,0,9/12 1,8:41,01:24,02:,40,S
2116,307,,004,0971,7887,261,0,9/12 1,8:47,04:27,04:,80,S
2141,307,14,004,9888,0807,89,0,9/12 1,9:11,00:00,00:,00,U
1306,308,,004,0968,6572,776,0,9/12 1,0:52,02:37,02:,40,S
1318,308,,004,0987,6700,045,0,9/12 1,1:01,01:27,02:,40,S
1336,308,,004,0981,0004,611,0,9/12 1,1:10,04:22,04:,80,S
1348,308,,004,0981,0078,426,0,9/12 1,1:15,00:17,02:,40,S
1412,308,,004,0997,1808,185,0,9/12 1,1:41,18:27,16:,80,S  #
1439,308,20,004,9076,1347,75,0,9/12 1,1:56,00:00,00:,00,U
1442,308,20,004,9076,1347,75,0,9/12 1,1:56,00:00,00:,00,U
1456,308,08,004,9810,0607,69,0,9/12 1,2:02,06:42,00:,00,R*
1533,308,,004,0995,8004,990,0,9/12 1,2:48,10:27,09:,60,S  #
1566,308,,004,0750,3396,230,0,9/12 1,3:09,07:41,07:,20,S  *
1577,308,,004,0989,1355,559,0,9/12 1,3:18,00:09,02:,40,S
1941,308,09,004,9076,1347,75,0,9/12 1,7:18,00:16,00:,00,R
2166,308,,004,9875,1223,77,1,0/12 1,1:13,00:15,01:,20,
1280,309,,004,0981,0999,329,0,9/12 1,0:33,00:48,02:,40,S
1340,309,,004,0921,0014,045,0,9/12 1,1:11,00:42,02:,40,S
1351,309,,004,0965,0552,490,0,9/12 1,1:16,00:25,02:,40,S
1367,309,,004,0987,1279,069,0,9/12 1,1:22,01:53,02:,40,S
1372,309,,004,0981,1988,214,0,9/12 1,1:24,00:43,02:,40,S
1378,309,,004,0921,3228,889,0,9/12 1,1:28,02:53,02:,40,S
1431,309,,004,0937,0441,119,0,9/12 1,1:53,00:25,02:,40,S
1445,309,,004,0991,1194,745,0,9/12 1,1:57,00:45,02:,40,S
1462,309,,004,0989,1356,718,0,9/12 1,2:05,02:17,02:,40,S
1518,309,04,004,8058,8100,05,0,9/12 1,2:36,01:44,00:,00,R
1520,309,,004,0904,5009,005,0,9/12 1,2:38,01:28,02:,40,S
1535,309,03,004,9868,9981,49,0,9/12 1,2:49,00:00,00:,00,U
1536,309,03,004,9868,9981,49,0,9/12 1,2:49,00:00,00:,00,U
1539,309,03,004,9868,9981,49,0,9/12 1,2:50,00:05,00:,00,R
1540,309,01,004,9868,9981,49,0,9/12 1,2:50,00:01,00:,00,R
1541,309,04,004,9868,9981,49,0,9/12 1,2:50,00:01,00:,00,R
1560,309,,004,0986,8998,149,0,9/12 1,3:06,15:22,14:,40,S  #
1583,309,,004,0958,2055,581,0,9/12 1,3:20,06:20,07:,20,S  *
1599,309,,004,0987,3429,978,0,9/12 1,3:32,05:09,04:,80,S  *
1639,309,,004,0976,6130,066,0,9/12 1,4:36,02:39,02:,40,S
1685,309,,004,0931,0177,701,0,9/12 1,5:01,04:56,04:,80,S
1703,309,,004,0955,7078,044,0,9/12 1,5:13,03:16,04:,80,S
1705,309,09,004,9557,0780,44,0,9/12 1,5:14,00:20,00:,00,R
1721,309,,004,0987,1636,547,0,9/12 1,5:21,03:11,04:,80,S
1738,309,,004,0971,1117,736,0,9/12 1,5:30,01:33,02:,40,S
1755,309,,004,0921,5590,422,0,9/12 1,5:37,00:50,02:,40,S
1757,309,,004,0981,0050,839,0,9/12 1,5:38,00:14,02:,40,S
1776,309,,004,0981,1067,372,0,9/12 1,5:49,00:52,02:,40,S
1798,309,,004,0986,8463,525,0,9/12 1,6:02,00:14,02:,40,S
1806,309,,004,0986,8061,777,0,9/12 1,6:08,00:22,02:,40,S
1838,309,,004,0981,1081,906,0,9/12 1,6:23,07:18,07:,20,S  *
1870,309,,004,0981,0154,920,0,9/12 1,6:37,00:52,02:,40,S
1903,309,,004,0989,9606,607,0,9/12 1,6:52,04:45,04:,80,S
1909,309,,004,0989,9606,607,0,9/12 1,6:54,00:18,02:,40,S
2002,309,,004,0981,1081,906,0,9/12 1,7:48,15:21,14:,40,S  #
2029,309,,004,0991,0058,581,0,9/12 1,8:04,00:42,02:,40,S
2052,309,,004,0982,9232,446,0,9/12 1,8:12,00:22,02:,40,S
2063,309,,004,0981,0136,352,0,9/12 1,8:15,00:49,02:,40,S
2073,309,,004,0960,2599,260,0,9/12 1,8:20,00:08,02:,40,S
2076,309,,004,0960,2599,260,0,9/12 1,8:23,01:24,02:,40,S
2080,309,,004,0971,6994,994,0,9/12 1,8:25,00:56,02:,40,S
2086,309,,004,0960,2599,260,0,9/12 1,8:27,00:07,02:,40,S
2088,309,,004,0960,2599,260,0,9/12 1,8:27,00:19,02:,40,S
2090,309,,004,0991,0058,581,0,9/12 1,8:29,00:33,02:,40,S
2096,309,,004,0981,8063,995,0,9/12 1,8:32,00:35,02:,40,S
2101,309,,004,0880,2080,003,0,9/12 1,8:33,00:44,02:,40,S
2121,309,,004,0998,5225,988,0,9/12 1,8:50,03:30,04:,80,S
1297,310,,004,0993,7066,358,0,9/12 1,0:45,01:03,02:,40,S
1352,310,,004,0950,1636,326,0,9/12 1,1:16,01:51,02:,40,S
1373,310,,004,0992,0266,099,0,9/12 1,1:24,01:08,02:,40,S
1377,310,,004,0941,9131,711,0,9/12 1,1:28,01:05,02:,40,S
1392,310,,004,0976,1814,317,0,9/12 1,1:32,00:10,02:,40,S
1398,310,,004,0978,5843,635,0,9/12 1,1:35,00:19,02:,40,S
1400,310,,004,0998,3332,288,0,9/12 1,1:36,00:26,02:,40,S
1408,310,,004,0992,1033,303,0,9/12 1,1:40,01:14,02:,40,S
1421,310,,004,0982,0717,094,0,9/12 1,1:48,00:43,02:,40,S
1427,310,,004,0982,5131,727,0,9/12 1,1:52,01:56,02:,40,S
1443,310,,004,0933,4172,509,0,9/12 1,1:57,02:38,02:,40,S
1468,310,,004,0964,6200,895,0,9/12 1,2:09,01:17,02:,40,S
1474,310,,004,0932,0649,704,0,9/12 1,2:11,00:27,02:,40,S
1508,310,,004,0944,8578,114,0,9/12 1,2:28,01:25,02:,40,S
1515,310,,004,0976,1814,317,0,9/12 1,2:33,00:24,02:,40,S
1516,310,,004,0981,0633,036,0,9/12 1,2:35,00:17,02:,40,S
1526,310,,004,0769,9152,126,0,9/12 1,2:43,05:20,04:,80,S  *
1568,310,,004,0988,4369,670,0,9/12 1,3:10,00:54,02:,40,S
1578,310,,004,0987,9359,692,0,9/12 1,3:18,04:51,04:,80,S
1598,310,17,004,9176,9915,2126,0,9/12 1,3:32,03:32,00:,00,R
1635,310,09,004,9310,3114,85,0,9/12 1,4:34,00:48,00:,00,R
1704,310,,004,0997,1444,337,0,9/12 1,5:13,02:07,02:,40,S
1712,310,,004,0810,5845,845,0,9/12 1,5:17,02:24,02:,40,S
1717,310,,004,0931,1388,117,0,9/12 1,5:20,00:15,02:,40,S
1736,310,,004,0986,6594,107,0,9/12 1,5:29,02:39,02:,40,S
1786,310,,004,0998,2122,241,0,9/12 1,5:54,02:07,02:,40,S
1796,310,06,004,9216,3002,82,0,9/12 1,6:02,04:01,00:,00,R
1810,310,,004,0987,3294,744,0,9/12 1,6:10,01:50,02:,40,S
1835,310,,004,0988,7664,666,0,9/12 1,6:22,02:14,02:,40,S
1849,310,,004,0955,5344,454,0,9/12 1,6:27,02:05,02:,40,S
1867,310,,004,0932,6019,755,0,9/12 1,6:36,01:55,02:,40,S
1876,310,,004,0921,0036,720,0,9/12 1,6:40,00:44,02:,40,S
1892,310,,004,0991,0079,000,0,9/12 1,6:48,00:35,02:,40,S
1905,310,,004,0982,9023,641,0,9/12 1,6:53,00:41,02:,40,S
1923,310,,004,0987,1600,204,0,9/12 1,6:57,01:57,02:,40,S
1936,310,,004,0979,9297,773,0,9/12 1,7:12,03:54,04:,80,S
1937,310,,004,0921,4881,701,0,9/12 1,7:14,01:58,02:,40,S
1956,310,,004,0981,1870,559,0,9/12 1,7:31,01:27,02:,40,S
1985,310,,004,0946,1164,161,0,9/12 1,7:42,02:12,02:,40,S
2007,310,,004,0991,0698,638,0,9/12 1,7:48,02:26,02:,40,S
2021,310,,004,0981,0528,160,0,9/12 1,7:58,03:31,04:,80,S
2030,310,,004,0987,3503,458,0,9/12 1,8:04,00:17,02:,40,S
2047,310,,004,0988,8192,742,0,9/12 1,8:11,04:18,04:,80,S
2064,310,06,004,9899,3300,62,0,9/12 1,8:16,00:57,00:,00,R
2078,310,,004,0981,1105,302,0,9/12 1,8:24,01:05,02:,40,S
2094,310,,004,0982,3117,532,0,9/12 1,8:30,03:12,04:,80,S
2112,310,,004,0966,0182,009,0,9/12 1,8:42,06:12,07:,20,S  *
2149,310,60,004,9868,8880,37,0,9/12 2,0:46,00:00,00:,00,U
1631,311,,004,0989,1920,004,0,9/12 1,4:25,06:10,07:,20,S  *
1657,311,,004,0901,1040,670,0,9/12 1,4:47,05:06,04:,80,S  *
1689,311,,004,0999,9971,245,0,9/12 1,5:03,00:27,02:,40,S
1691,311,,004,0981,0520,996,0,9/12 1,5:06,00:49,02:,40,S
1726,311,,004,0981,1806,445,0,9/12 1,5:22,12:04,12:,00,S  #
1747,311,,004,0942,5721,345,0,9/12 1,5:34,02:29,02:,40,S
1768,311,,004,0981,9870,442,0,9/12 1,5:44,04:46,04:,80,S
1813,311,,004,0997,1137,433,0,9/12 1,6:11,02:16,02:,40,S
1842,311,,004,0931,3624,905,0,9/12 1,6:25,04:36,04:,80,S
1879,311,,004,0981,0038,568,0,9/12 1,6:41,06:29,07:,20,S  *
1885,311,,004,0981,0038,568,0,9/12 1,6:42,01:24,02:,40,S
1901,311,,004,0940,0300,889,0,9/12 1,6:51,01:07,02:,40,S
1917,311,,004,0981,8983,156,0,9/12 1,6:56,01:35,02:,40,S
1963,311,,004,0941,2223,419,0,9/12 1,7:34,03:41,04:,80,S
1987,311,,004,0981,8820,527,0,9/12 1,7:42,03:33,04:,80,S
1995,311,,004,0880,2707,500,0,9/12 1,7:47,00:32,02:,40,S
2000,311,,004,0880,2707,500,0,9/12 1,7:47,00:11,02:,40,S
2018,311,,004,0997,1825,300,0,9/12 1,7:58,04:55,04:,80,S
2032,311,,004,0971,7582,855,0,9/12 1,8:05,03:03,04:,80,S
2057,311,,004,0983,0098,300,0,9/12 1,8:13,00:37,02:,40,S
2066,311,,004,0981,8768,466,0,9/12 1,8:17,00:29,02:,40,S
2071,311,,004,0981,1991,707,0,9/12 1,8:19,00:35,02:,40,S
2074,311,,004,0999,9965,846,0,9/12 1,8:22,00:38,02:,40,S
2085,311,,004,0981,1371,747,0,9/12 1,8:27,01:19,02:,40,S
2108,311,,004,0981,0501,846,0,9/12 1,8:39,06:51,07:,20,S  *
1686,312,01,004,7737,9126,91,0,9/12 1,5:01,00:00,00:,00,U
1697,312,17,004,7737,9126,91,0,9/12 1,5:09,06:39,00:,00,R*
2147,312,60,004,9450,1236,96,0,9/12 2,0:13,00:00,00:,00,U
2165,313,,004,9887,6949,79,1,0/12 1,1:10,00:48,01:,20,
1299,314,,004,9784,3417,30,0,9/12 1,0:46,03:33,02:,40,
1339,314,,004,9414,0697,58,0,9/12 1,1:11,04:59,02:,40,
1354,314,,004,9314,2025,16,0,9/12 1,1:16,00:52,01:,20,
1403,314,,004,9929,0659,00,0,9/12 1,1:37,03:49,02:,40,
1463,314,,004,9829,1595,97,0,9/12 1,2:07,00:06,01:,20,
1470,314,,004,0987,8976,699,0,9/12 1,2:09,00:54,02:,40,S
1490,314,,004,0943,7292,084,0,9/12 1,2:20,03:27,04:,80,S
1537,314,,004,9602,3471,73,0,9/12 1,2:49,07:34,03:,60,*
1550,314,,004,7737,8191,90,0,9/12 1,2:57,00:51,01:,20,
1565,314,,004,7737,4824,34,0,9/12 1,3:09,11:18,04:,80,#
1579,314,,004,9414,7528,98,0,9/12 1,3:18,00:43,01:,20,
1588,314,,004,0999,3953,757,0,9/12 1,3:24,01:49,02:,40,S
1661,314,,004,9829,2266,92,0,9/12 1,4:48,01:53,01:,20,
1672,314,,004,8875,5525,55,0,9/12 1,4:56,01:41,01:,20,
1698,314,,004,9983,9993,99,0,9/12 1,5:09,04:14,02:,40,
1713,314,,004,9214,9557,74,0,9/12 1,5:17,04:00,02:,40,
1752,314,,004,9413,3900,95,0,9/12 1,5:37,12:06,06:,00,#
1766,314,,004,9783,2444,40,0,9/12 1,5:41,03:06,02:,40,
1775,314,,004,9829,7866,68,0,9/12 1,5:48,00:28,01:,20,
1793,314,,004,9887,8076,63,0,9/12 1,5:58,00:42,01:,20,
1801,314,,004,9413,3423,68,0,9/12 1,6:04,04:11,02:,40,
1812,314,,004,9414,3555,23,0,9/12 1,6:10,00:11,01:,20,
1817,314,,004,0932,1827,880,0,9/12 1,6:14,00:50,02:,40,S
1871,314,,004,9829,0333,86,0,9/12 1,6:37,19:10,08:,40,#
1880,314,,004,9352,9859,79,0,9/12 1,6:41,01:10,01:,20,
1924,314,,004,9414,7818,24,0,9/12 1,6:58,00:20,01:,20,
1998,314,,004,0932,3000,090,0,9/12 1,7:47,09:05,09:,60,S  *
2036,314,,004,0942,5265,060,0,9/12 1,8:07,07:14,07:,20,S  *
2092,314,,004,9314,6059,23,0,9/12 1,8:30,01:39,01:,20,
2098,314,,004,9314,3541,10,0,9/12 1,8:33,01:04,01:,20,
2109,314,,004,9929,2729,88,0,9/12 1,8:39,05:56,02:,40,*
2128,314,20,004,1414,0259,79,0,9/12 1,8:53,00:00,00:,00,U
2129,314,20,004,1414,0259,79,0,9/12 1,8:54,00:00,00:,00,U
2131,314,20,004,1414,0259,79,0,9/12 1,8:54,00:00,00:,00,U
2135,314,20,004,1414,0259,79,0,9/12 1,8:55,00:00,00:,00,U
2136,314,,004,9314,3541,10,0,9/12 1,8:55,03:50,02:,40,
2140,314,,004,9214,0066,95,0,9/12 1,9:01,00:45,01:,20,
1293,317,,004,9461,0698,84,0,9/12 1,0:42,17:47,07:,20,#
2158,317,,004,9672,0477,74,1,0/12 0,8:23,05:22,02:,40,*
1284,320,,004,0954,0134,100,0,9/12 1,0:38,03:18,04:,80,S
1300,320,04,004,9873,3557,95,0,9/12 1,0:46,06:17,00:,00,R*
1316,320,,004,0984,0566,832,0,9/12 1,0:59,07:19,07:,20,S  *
1337,320,05,004,9443,3359,91,0,9/12 1,1:10,03:27,00:,00,R
1364,320,,004,0801,0192,955,0,9/12 1,1:20,03:48,04:,80,S
1385,320,,004,0982,6113,549,0,9/12 1,1:30,06:29,07:,20,S  *
1391,320,,004,0992,9644,331,0,9/12 1,1:32,00:46,02:,40,S
1405,320,,004,0901,7526,766,0,9/12 1,1:38,02:50,02:,40,S
1414,320,,004,0970,3052,599,0,9/12 1,1:42,00:47,02:,40,S
1418,320,,004,0921,4362,628,0,9/12 1,1:44,00:15,02:,40,S
1441,320,,004,0978,3802,903,0,9/12 1,1:56,01:33,02:,40,S
1449,320,,004,0978,3802,903,0,9/12 1,1:59,02:01,02:,40,S
1454,320,,004,0978,3802,903,0,9/12 1,2:00,00:13,02:,40,S
1477,320,,004,0992,8061,395,0,9/12 1,2:13,03:53,04:,80,S
1484,320,,004,0986,6419,420,0,9/12 1,2:18,00:55,02:,40,S
1489,320,,004,0941,4101,430,0,9/12 1,2:20,00:21,02:,40,S
1500,320,14,004,9811,5144,70,0,9/12 1,2:25,00:38,00:,00,R
1519,320,,004,0950,3865,724,0,9/12 1,2:37,08:40,07:,20,S  *
1571,320,,004,0966,3153,842,0,9/12 1,3:12,01:27,02:,40,S
1576,320,,004,0931,4163,066,0,9/12 1,3:17,03:11,04:,80,S
1597,320,,004,0998,2460,800,0,9/12 1,3:31,06:46,07:,20,S  *
1619,320,,004,0937,2466,952,0,9/12 1,4:17,01:53,02:,40,S
1626,320,,004,0979,9456,000,0,9/12 1,4:21,01:26,02:,40,S
1638,320,,004,0988,6521,795,0,9/12 1,4:35,01:55,02:,40,S
1643,320,,004,0982,9023,897,0,9/12 1,4:39,00:15,02:,40,S
1650,320,,004,0997,1808,185,0,9/12 1,4:44,02:38,02:,40,S
1733,320,,004,0989,1356,718,0,9/12 1,5:27,02:15,02:,40,S
1790,320,,004,0989,1717,370,0,9/12 1,5:58,02:36,02:,40,S
1818,320,,004,0986,6077,786,0,9/12 1,6:15,04:26,04:,80,S
1846,320,,004,0970,3082,816,0,9/12 1,6:27,01:35,02:,40,S
1904,320,,004,0988,4369,670,0,9/12 1,6:53,02:31,02:,40,S
1965,320,,004,0981,0967,969,0,9/12 1,7:34,02:08,02:,40,S
1983,320,,004,0993,0777,604,0,9/12 1,7:42,02:01,02:,40,S
2005,320,,004,0900,0040,222,0,9/12 1,7:48,00:33,02:,40,S
1277,321,,004,9413,2744,77,0,9/12 1,0:27,01:07,01:,20,
1279,321,,004,9509,8139,29,0,9/12 1,0:32,02:24,01:,20,
1289,321,,004,9829,0540,76,0,9/12 1,0:40,01:58,01:,20,
1301,321,,004,9314,4388,06,0,9/12 1,0:47,02:59,01:,20,
1315,321,,004,9828,0221,55,0,9/12 1,0:59,03:39,02:,40,
1319,321,,004,9660,9652,37,0,9/12 1,1:01,00:18,01:,20,
1327,321,,004,9413,3349,00,0,9/12 1,1:06,02:29,01:,20,
1345,321,,004,9799,6949,54,0,9/12 1,1:14,05:21,02:,40,*
1355,321,,004,9928,0918,09,0,9/12 1,1:17,00:28,01:,20,
1359,321,,004,9929,0918,09,0,9/12 1,1:18,00:22,01:,20,
1363,321,,004,9829,6497,66,0,9/12 1,1:20,00:31,01:,20,
1369,321,,004,8094,6600,28,0,9/12 1,1:23,00:26,01:,20,
1382,321,,004,9413,3425,07,0,9/12 1,1:30,00:15,01:,20,
1383,321,20,004,9414,7818,24,0,9/12 1,1:30,00:00,00:,00,U
1395,321,,004,9887,1980,75,0,9/12 1,1:33,00:44,01:,20,
1419,321,,004,8094,6600,28,0,9/12 1,1:47,10:16,04:,80,#
1429,321,,004,0952,9315,297,0,9/12 1,1:52,00:46,02:,40,S
1435,321,00,004,7838,9848,65,0,9/12 1,1:55,00:00,00:,00,U
1450,321,,004,0981,0391,060,0,9/12 1,2:00,03:23,04:,80,S
1467,321,,004,9414,4295,88,0,9/12 1,2:08,00:51,01:,20,
1472,321,,004,9414,0750,63,0,9/12 1,2:10,01:09,01:,20,
1496,321,,004,8104,7776,45,0,9/12 1,2:22,06:09,03:,60,*
1512,321,,004,9667,3070,22,0,9/12 1,2:31,00:11,01:,20,
1534,321,,004,9667,2020,83,0,9/12 1,2:49,00:24,01:,20,
1547,321,,004,9413,2744,77,0,9/12 1,2:53,03:04,02:,40,
1562,321,,004,9983,4088,80,0,9/12 1,3:07,12:31,06:,00,#
1585,321,,004,9001,5667,77,0,9/12 1,3:23,00:33,01:,20,
1596,321,10,004,9314,0276,67,0,9/12 1,3:29,00:16,00:,00,R
1634,321,,004,9887,3787,88,0,9/12 1,4:33,00:18,01:,20,
1649,321,,004,9928,8594,17,0,9/12 1,4:43,03:00,01:,20,
1667,321,,004,9887,1993,12,0,9/12 1,4:54,09:18,04:,80,*
1670,321,,004,9887,1993,12,0,9/12 1,4:55,00:26,01:,20,
1680,321,,004,9414,3679,21,0,9/12 1,5:00,00:49,01:,20,
1715,321,,004,9351,7767,66,0,9/12 1,5:18,02:59,01:,20,
1725,321,,004,9784,6314,46,0,9/12 1,5:22,00:29,01:,20,
1734,321,,004,9414,0468,08,0,9/12 1,5:27,00:17,01:,20,
1753,321,,004,9024,4119,11,0,9/12 1,5:37,07:30,03:,60,*
1760,321,,004,9414,0444,44,0,9/12 1,5:39,00:59,01:,20,
1771,321,,004,9829,5006,37,0,9/12 1,5:45,04:22,02:,40,
1785,321,,004,7742,4533,62,0,9/12 1,5:54,00:34,01:,20,
1792,321,,004,7742,4535,62,0,9/12 1,5:58,04:04,02:,40,
1795,321,,004,9829,4555,67,0,9/12 1,6:01,01:22,01:,20,
1799,321,,004,7742,4535,62,0,9/12 1,6:03,00:48,01:,20,
1839,321,,004,9413,3306,99,0,9/12 1,6:23,04:59,02:,40,
1845,321,,004,8890,3024,14,0,9/12 1,6:26,00:57,01:,20,
1861,321,,004,9928,2379,65,0,9/12 1,6:34,02:02,01:,20,
1888,321,,004,9314,0276,67,0,9/12 1,6:43,01:02,01:,20,
1897,321,,004,9660,9652,37,0,9/12 1,6:50,05:31,02:,40,*
1919,321,,004,9929,0918,09,0,9/12 1,6:57,00:16,01:,20,
1947,321,05,004,9001,4667,77,0,9/12 1,7:26,00:44,00:,00,R
1950,321,,004,9950,3499,57,0,9/12 1,7:28,00:33,01:,20,
1958,321,,004,9983,7963,48,0,9/12 1,7:32,00:33,01:,20,
1986,321,,004,0922,5517,330,0,9/12 1,7:42,08:46,07:,20,S  *
2041,321,,004,9413,3857,95,0,9/12 1,8:09,10:51,04:,80,#
2075,321,,004,9414,3240,20,0,9/12 1,8:23,00:33,01:,20,
2082,321,,004,9309,0216,09,0,9/12 1,8:25,00:43,01:,20,
2119,321,,004,9314,0276,67,0,9/12 1,8:49,02:54,01:,20,
2125,321,,004,9602,8090,61,0,9/12 1,8:53,01:06,01:,20,
2143,321,26,004,9828,2876,00,0,9/12 1,9:30,00:22,00:,00,R
2159,321,00,004,9414,0444,44,1,0/12 0,8:35,00:00,00:,00,U
2160,321,01,004,9414,0444,44,1,0/12 0,8:35,00:00,00:,00,U
1282,322,,004,0970,3052,599,0,9/12 1,0:35,01:46,02:,40,S
1286,322,,004,0720,7859,530,0,9/12 1,0:38,00:23,02:,40,S
1295,322,,004,0966,6356,187,0,9/12 1,0:43,01:44,02:,40,S
1328,322,,004,0995,9444,423,0,9/12 1,1:07,22:49,19:,20,S  #
1338,322,,004,0986,6594,107,0,9/12 1,1:10,02:11,02:,40,S
1343,322,,004,0727,8072,434,0,9/12 1,1:12,01:16,02:,40,S
1347,322,,004,0970,4098,444,0,9/12 1,1:15,02:30,02:,40,S
1402,322,,004,0810,5845,845,0,9/12 1,1:37,19:25,16:,80,S  #
1426,322,,004,0988,5144,100,0,9/12 1,1:52,07:25,07:,20,S  *
1447,322,,004,0984,2218,005,0,9/12 1,1:58,05:33,04:,80,S  *
1461,322,,004,0984,2218,005,0,9/12 1,2:05,00:31,02:,40,S
1481,322,,004,0804,0778,209,0,9/12 1,2:16,02:44,02:,40,S
1495,322,,004,0203,0592,565,0,9/12 1,2:21,00:37,02:,40,S
1497,322,03,004,9989,8402,14,0,9/12 1,2:23,00:02,00:,00,R
1498,322,,004,0944,1025,990,0,9/12 1,2:24,00:25,02:,40,S
1504,322,,004,0961,8885,972,0,9/12 1,2:26,00:14,02:,40,S
1513,322,,004,0897,7987,971,0,9/12 1,2:31,00:56,02:,40,S
1523,322,,004,0443,9873,322,0,9/12 1,2:42,00:53,02:,40,S
1532,322,,004,0939,5555,997,0,9/12 1,2:47,01:48,02:,40,S
1545,322,,004,0939,1162,385,0,9/12 1,2:52,00:29,02:,40,S
1552,322,,004,3956,000,,0,9/12 1,2:58,00:31,01:,20,
1555,322,,004,0998,5697,666,0,9/12 1,3:01,01:01,02:,40,S
1557,322,,004,0986,6077,786,0,9/12 1,3:02,01:02,02:,40,S
1558,322,,004,0923,0064,407,0,9/12 1,3:04,00:52,02:,40,S
1559,322,,004,0984,8446,115,0,9/12 1,3:05,00:14,02:,40,S
1563,322,,004,0970,3082,816,0,9/12 1,3:07,01:04,02:,40,S
1569,322,,004,0994,8886,616,0,9/12 1,3:10,02:03,02:,40,S
1573,322,,004,3956,000,,0,9/12 1,3:14,00:53,01:,20,
1632,322,,004,0961,8885,972,0,9/12 1,4:26,12:52,12:,00,S  #
1642,322,,004,0998,5102,589,0,9/12 1,4:38,03:07,04:,80,S
1648,322,,004,0900,0040,222,0,9/12 1,4:43,01:11,02:,40,S
1654,322,,004,0900,0700,046,0,9/12 1,4:46,01:55,02:,40,S
1658,322,,004,0983,6253,107,0,9/12 1,4:47,00:23,02:,40,S
1662,322,,004,0905,2540,949,0,9/12 1,4:50,01:01,02:,40,S
1663,322,,004,0842,0221,034,0,9/12 1,4:51,00:48,02:,40,S
1664,322,,004,0917,7945,552,0,9/12 1,4:52,00:28,02:,40,S
1669,322,,004,0924,7002,999,0,9/12 1,4:55,01:31,02:,40,S
1673,322,,004,0939,2075,215,0,9/12 1,4:57,00:51,02:,40,S
1677,322,,004,0970,3203,173,0,9/12 1,4:58,01:12,02:,40,S
1683,322,,004,0903,8080,136,0,9/12 1,5:01,01:39,02:,40,S
1688,322,,004,0949,4410,552,0,9/12 1,5:02,00:31,02:,40,S
1718,322,,004,0900,0731,732,0,9/12 1,5:20,13:34,12:,00,S  #
1723,322,,004,0990,8734,980,0,9/12 1,5:22,00:23,02:,40,S
1728,322,,004,0804,0778,209,0,9/12 1,5:24,01:36,02:,40,S
1737,322,,004,0983,1564,615,0,9/12 1,5:29,02:58,02:,40,S
1741,322,,004,0924,8001,009,0,9/12 1,5:30,00:38,02:,40,S
1754,322,,004,0994,8812,323,0,9/12 1,5:37,00:49,02:,40,S
1759,322,,004,0984,8458,382,0,9/12 1,5:39,01:21,02:,40,S
1765,322,,004,0990,8734,980,0,9/12 1,5:41,00:22,02:,40,S
1769,322,,004,0992,3145,756,0,9/12 1,5:44,00:41,02:,40,S
1770,322,,004,0998,9259,707,0,9/12 1,5:45,00:20,02:,40,S
1777,322,,004,0800,8830,927,0,9/12 1,5:49,00:57,02:,40,S
1780,322,,004,0950,2142,340,0,9/12 1,5:51,01:06,02:,40,S
1782,322,25,004,9030,6276,34,0,9/12 1,5:53,00:00,00:,00,U
1787,322,,004,0949,0422,723,0,9/12 1,5:55,01:09,02:,40,S
1794,322,,004,0903,0925,322,0,9/12 1,5:59,00:47,02:,40,S
1800,322,,004,0998,5962,363,0,9/12 1,6:03,01:25,02:,40,S
1811,322,35,004,9890,5997,22,0,9/12 1,6:10,00:26,00:,00,R
1816,322,,004,0989,0599,722,0,9/12 1,6:13,01:12,02:,40,S
1823,322,,004,0801,9644,297,0,9/12 1,6:16,00:26,02:,40,S
1851,322,,004,0810,2892,185,0,9/12 1,6:27,01:05,02:,40,S
1853,322,,004,0905,2224,661,0,9/12 1,6:28,00:53,02:,40,S
1854,322,,004,0931,3460,163,0,9/12 1,6:29,00:06,02:,40,S
1856,322,,004,0931,3460,163,0,9/12 1,6:30,00:01,02:,40,S
1860,322,,004,0970,4132,345,0,9/12 1,6:34,00:58,02:,40,S
1872,322,,004,0986,6668,651,0,9/12 1,6:38,01:04,02:,40,S
1962,322,,004,0947,7014,488,0,9/12 1,7:33,00:38,02:,40,S
1973,322,,004,0905,2210,522,0,9/12 1,7:38,00:22,02:,40,S
1977,322,,004,0939,3009,748,0,9/12 1,7:39,00:25,02:,40,S
1999,322,,004,0990,9991,299,0,9/12 1,7:47,01:07,02:,40,S
2011,322,,004,0994,9663,347,0,9/12 1,7:52,00:57,02:,40,S
2015,322,,004,0916,0909,106,0,9/12 1,7:54,00:29,02:,40,S
2020,322,,004,0984,8040,653,0,9/12 1,7:58,01:51,02:,40,S
2024,322,,004,0812,1234,607,0,9/12 1,8:00,00:19,02:,40,S
2025,322,,004,0999,9596,076,0,9/12 1,8:01,00:17,02:,40,S
2031,322,,004,0999,0059,052,0,9/12 1,8:04,02:31,02:,40,S
2038,322,,004,0751,2446,612,0,9/12 1,8:07,00:46,02:,40,S
2042,322,,004,0992,6186,439,0,9/12 1,8:09,01:23,02:,40,S
2049,322,20,004,9926,1864,39,0,9/12 1,8:11,00:34,00:,00,R
2051,322,,004,0921,8555,353,0,9/12 1,8:12,00:12,02:,40,S
2054,322,,004,0992,6186,439,0,9/12 1,8:12,00:27,02:,40,S
2062,322,,004,0988,5592,771,0,9/12 1,8:14,01:03,02:,40,S
2070,322,05,004,9926,1864,39,0,9/12 1,8:19,02:50,00:,00,R
2124,322,,004,0998,2342,242,0,9/12 1,8:52,00:47,02:,40,S
2126,322,,004,9982,3411,42,0,9/12 1,8:53,00:57,01:,20,
2148,322,14,004,9908,6643,70,0,9/12 2,0:41,00:00,00:,00,U
1290,323,,004,0996,2098,565,0,9/12 1,0:40,01:36,02:,40,S
1313,323,,004,0926,8561,428,0,9/12 1,0:58,04:20,04:,80,S
1361,323,,004,0900,4657,175,0,9/12 1,1:18,03:22,04:,80,S
1379,323,,004,0966,5100,077,0,9/12 1,1:29,01:17,02:,40,S
1401,323,,004,0984,8047,797,0,9/12 1,1:36,02:21,02:,40,S
1417,323,,004,0886,6377,896,0,9/12 1,1:43,00:06,02:,40,S
1444,323,03,004,9888,8037,73,0,9/12 1,1:57,00:00,00:,00,U
1453,323,,004,0961,1122,531,0,9/12 1,2:00,01:37,02:,40,S
1483,323,,004,0937,5194,776,0,9/12 1,2:17,00:44,02:,40,S
1501,323,,004,0973,9991,696,0,9/12 1,2:25,02:24,02:,40,S
1517,323,,004,0994,0322,107,0,9/12 1,2:36,00:21,02:,40,S
1525,323,,004,0942,5689,686,0,9/12 1,2:43,03:40,04:,80,S
1572,323,,004,0976,9819,818,0,9/12 1,3:13,00:18,02:,40,S
1647,323,,004,0982,6015,359,0,9/12 1,4:42,00:30,02:,40,S
1655,323,,004,0930,0782,219,0,9/12 1,4:46,01:09,02:,40,S
1671,323,,004,0983,3605,289,0,9/12 1,4:55,01:10,02:,40,S
1678,323,,004,0943,1129,160,0,9/12 1,4:59,00:39,02:,40,S
1692,323,,004,0988,6623,019,0,9/12 1,5:07,00:21,02:,40,S
1708,323,,004,0994,1131,427,0,9/12 1,5:16,01:18,02:,40,S
1716,323,,004,0989,5472,515,0,9/12 1,5:19,00:20,02:,40,S
1740,323,,004,0989,8578,797,0,9/12 1,5:30,01:20,02:,40,S
1750,323,,004,0983,0250,882,0,9/12 1,5:35,00:38,02:,40,S
1783,323,,004,0989,0419,524,0,9/12 1,5:53,01:44,02:,40,S
1804,323,,004,0970,4659,401,0,9/12 1,6:06,00:35,02:,40,S
1808,323,,004,0963,9011,704,0,9/12 1,6:09,00:25,02:,40,S
1821,323,,004,0993,6060,303,0,9/12 1,6:16,01:33,02:,40,S
1836,323,,004,0999,9978,172,0,9/12 1,6:22,00:24,02:,40,S
1850,323,,004,0758,8065,666,0,9/12 1,6:27,00:27,02:,40,S
1859,323,,004,0973,1467,467,0,9/12 1,6:34,00:29,02:,40,S
1900,323,,004,0943,4147,895,0,9/12 1,6:51,00:37,02:,40,S
1906,323,,004,0941,2939,101,0,9/12 1,6:53,00:26,02:,40,S
1918,323,,004,0973,9001,086,0,9/12 1,6:57,01:57,02:,40,S
1928,323,,004,0973,9001,086,0,9/12 1,7:00,02:25,02:,40,S
1951,323,,004,0922,4137,863,0,9/12 1,7:28,02:13,02:,40,S
1968,323,,004,0998,6492,800,0,9/12 1,7:35,02:42,02:,40,S
1978,323,,004,0975,5006,862,0,9/12 1,7:40,01:20,02:,40,S
2004,323,20,004,9876,4021,31,0,9/12 1,7:48,00:00,00:,00,U
2006,323,,004,0971,3658,591,0,9/12 1,7:48,02:15,02:,40,S
2013,323,06,004,9825,7057,67,0,9/12 1,7:53,00:40,00:,00,R
2017,323,06,004,9876,4021,31,0,9/12 1,7:57,01:32,00:,00,R
2026,323,,004,0936,9999,202,0,9/12 1,8:02,00:31,02:,40,S
2045,323,,004,0942,8771,277,0,9/12 1,8:10,02:18,02:,40,S
2087,323,,004,0991,1979,920,0,9/12 1,8:27,04:36,04:,80,S
2095,323,,004,0991,1979,920,0,9/12 1,8:31,01:29,02:,40,S
1553,324,,004,0975,0944,248,0,9/12 1,2:59,00:48,02:,40,S
1590,324,,004,0981,1381,560,0,9/12 1,3:25,00:47,02:,40,S
1640,324,,004,0982,1028,284,0,9/12 1,4:37,02:02,02:,40,S
1651,324,,004,0944,4901,944,0,9/12 1,4:44,00:17,02:,40,S
1674,324,,004,0986,5924,948,0,9/12 1,4:57,00:10,02:,40,S
1675,324,,004,0986,5924,948,0,9/12 1,4:58,00:36,02:,40,S
1679,324,01,004,9850,8271,95,0,9/12 1,5:00,00:01,00:,00,R
1684,324,35,004,9850,8271,95,0,9/12 1,5:01,00:00,00:,00,U
1687,324,,004,0998,0819,747,0,9/12 1,5:02,01:18,02:,40,S
1699,324,,004,0938,8366,811,0,9/12 1,5:10,01:32,02:,40,S
1706,324,,004,0800,0857,200,0,9/12 1,5:14,00:28,02:,40,S
1711,324,,004,0909,9000,455,0,9/12 1,5:17,00:30,02:,40,S
1729,324,,004,0987,1040,354,0,9/12 1,5:26,03:39,04:,80,S
1746,324,,004,0900,3149,638,0,9/12 1,5:34,05:15,04:,80,S  *
1762,324,,004,0983,1079,541,0,9/12 1,5:40,00:15,02:,40,S
1773,324,,004,0997,0300,738,0,9/12 1,5:46,00:44,02:,40,S
1778,324,,004,0990,0502,205,0,9/12 1,5:50,01:20,02:,40,S
1791,324,,004,0983,3632,486,0,9/12 1,5:58,03:07,04:,80,S
1820,324,,004,0983,3974,557,0,9/12 1,6:15,00:19,02:,40,S
1830,324,,004,0984,3355,544,0,9/12 1,6:20,00:39,02:,40,S
1844,324,,004,0980,8169,628,0,9/12 1,6:26,01:46,02:,40,S
1866,324,,004,0989,1153,770,0,9/12 1,6:35,02:21,02:,40,S
1875,324,,004,0943,5035,248,0,9/12 1,6:39,00:47,02:,40,S
1895,324,05,004,9617,5555,65,0,9/12 1,6:49,00:05,00:,00,R
1902,324,,004,0988,4667,897,0,9/12 1,6:52,00:59,02:,40,S
1914,324,,004,0982,5105,654,0,9/12 1,6:56,00:25,02:,40,S
1949,324,,004,0998,5432,695,0,9/12 1,7:27,02:11,02:,40,S
1972,324,,004,0985,0596,989,0,9/12 1,7:37,00:27,02:,40,S
1979,324,,004,0989,4270,872,0,9/12 1,7:40,00:59,02:,40,S
1994,324,,004,0958,2142,306,0,9/12 1,7:47,02:22,02:,40,S
2019,324,,004,0990,3648,995,0,9/12 1,7:58,01:07,02:,40,S
2028,324,,004,0942,2177,798,0,9/12 1,8:03,02:25,02:,40,S
2043,324,,004,0994,7995,028,0,9/12 1,8:09,00:59,02:,40,S
2060,324,,004,0943,4006,182,0,9/12 1,8:14,02:07,02:,40,S
2081,324,,004,0976,5834,383,0,9/12 1,8:25,02:17,02:,40,S
2100,324,,004,0978,9273,633,0,9/12 1,8:33,00:25,02:,40,S
1283,325,,004,0810,5845,845,0,9/12 1,0:36,03:59,04:,80,S
1304,325,,004,0988,0869,581,0,9/12 1,0:51,00:05,02:,40,S
1305,325,,004,0988,0869,581,0,9/12 1,0:51,00:11,02:,40,S
1307,325,,004,0988,0869,581,0,9/12 1,0:52,00:11,02:,40,S
1362,325,,004,0982,1987,243,0,9/12 1,1:19,01:26,02:,40,S
1368,325,11,004,9930,7776,04,0,9/12 1,1:23,00:31,00:,00,R
1390,325,,004,0766,6880,654,0,9/12 1,1:32,02:02,02:,40,S
1396,325,,004,0979,3487,000,0,9/12 1,1:34,00:37,02:,40,S
1404,325,,004,0900,3628,983,0,9/12 1,1:37,01:39,02:,40,S
1415,325,,004,0944,3884,741,0,9/12 1,1:43,03:48,04:,80,S
1432,325,,004,0994,8293,201,0,9/12 1,1:53,00:53,02:,40,S
1451,325,,004,0988,6521,795,0,9/12 1,2:00,01:46,02:,40,S
1485,325,,004,0998,1223,321,0,9/12 1,2:18,01:18,02:,40,S
1528,325,,004,0779,8424,077,0,9/12 1,2:44,02:42,02:,40,S
1543,325,,004,0982,1611,071,0,9/12 1,2:51,01:55,02:,40,S
1551,325,,004,0979,3487,000,0,9/12 1,2:57,00:56,02:,40,S
1554,325,,004,0979,3818,000,0,9/12 1,3:00,02:05,02:,40,S
1575,325,,004,0981,9552,929,0,9/12 1,3:15,04:29,04:,80,S
1580,325,,004,0981,9956,054,0,9/12 1,3:18,02:24,02:,40,S
1592,325,,004,0988,8778,887,0,9/12 1,3:27,01:30,02:,40,S
1595,325,16,004,9849,7480,00,0,9/12 1,3:29,01:12,00:,00,R
1602,325,27,004,9912,5588,35,0,9/12 1,3:46,00:02,00:,00,R
1603,325,19,004,9912,5588,35,0,9/12 1,3:53,00:21,00:,00,R
1625,325,,004,0993,0777,604,0,9/12 1,4:20,01:34,02:,40,S
1681,325,,004,0932,1124,003,0,9/12 1,5:00,06:11,07:,20,S  *
1693,325,,004,0963,2533,111,0,9/12 1,5:07,01:13,02:,40,S
1743,325,,004,0984,5103,879,0,9/12 1,5:31,01:33,02:,40,S
1764,325,,004,0931,9076,951,0,9/12 1,5:41,01:53,02:,40,S
1788,325,,004,0976,5402,048,0,9/12 1,5:55,02:11,02:,40,S
1803,325,,004,0949,2427,663,0,9/12 1,6:05,01:16,02:,40,S
1822,325,,004,0739,6684,333,0,9/12 1,6:16,02:39,02:,40,S
1834,325,,004,0987,6130,250,0,9/12 1,6:22,01:43,02:,40,S
1857,325,,004,0999,8515,034,0,9/12 1,6:31,01:55,02:,40,S
1865,325,,004,0944,0620,387,0,9/12 1,6:35,00:31,02:,40,S
1873,325,,004,0959,5042,397,0,9/12 1,6:38,01:46,02:,40,S
1884,325,,004,0988,6763,011,0,9/12 1,6:42,01:11,02:,40,S
1899,325,,004,0909,6279,525,0,9/12 1,6:51,03:51,04:,80,S
1967,325,,004,0942,2111,888,0,9/12 1,7:35,05:23,04:,80,S  *
1982,325,,004,0937,6711,119,0,9/12 1,7:41,02:07,02:,40,S
2003,325,,004,0942,2347,853,0,9/12 1,7:48,01:53,02:,40,S
2040,325,,004,0921,8555,353,0,9/12 1,8:07,09:32,09:,60,S  *
2046,325,,004,0880,0327,220,0,9/12 1,8:11,00:40,02:,40,S
2068,325,07,004,9442,6311,94,0,9/12 1,8:18,01:03,00:,00,R
2077,325,,004,0999,8006,939,0,9/12 1,8:24,01:34,02:,40,S
2102,325,,004,0972,6286,270,0,9/12 1,8:33,00:40,02:,40,S
2106,325,,004,0931,0601,216,0,9/12 1,8:37,01:51,02:,40,S
2115,325,,004,0916,2235,055,0,9/12 1,8:45,00:53,02:,40,S
2118,325,,004,0954,6882,322,0,9/12 1,8:48,00:50,02:,40,S
2167,325,,004,0982,8021,151,1,0/12 1,1:17,00:16,02:,40,S
1422,326,,004,0943,5365,376,0,9/12 1,1:48,00:57,02:,40,S
1446,326,,004,0981,1514,157,0,9/12 1,1:58,02:00,02:,40,S
1458,326,,004,0982,6174,737,0,9/12 1,2:04,00:32,02:,40,S
1460,326,,004,0982,6174,737,0,9/12 1,2:04,00:16,02:,40,S
1502,326,,004,0984,5049,999,0,9/12 1,2:26,00:49,02:,40,S
1511,326,,004,0944,3906,093,0,9/12 1,2:30,01:41,02:,40,S
1538,326,20,004,9745,7777,78,0,9/12 1,2:50,02:34,00:,00,R
1593,326,,004,0932,8921,054,0,9/12 1,3:28,01:22,02:,40,S
1620,326,,004,0982,3074,773,0,9/12 1,4:17,00:53,02:,40,S
1623,326,,004,0990,9976,193,0,9/12 1,4:20,00:42,02:,40,S
1690,326,,004,0988,0041,554,0,9/12 1,5:06,00:23,02:,40,S
1696,326,,004,0971,1556,033,0,9/12 1,5:09,00:45,02:,40,S
1714,326,,004,0971,1367,643,0,9/12 1,5:18,00:33,02:,40,S
1727,326,,004,0773,6580,005,0,9/12 1,5:23,00:55,02:,40,S
1730,326,,004,0925,5541,758,0,9/12 1,5:26,00:08,02:,40,S
1744,326,,004,0921,9614,730,0,9/12 1,5:31,00:29,02:,40,S
1767,326,,004,0992,0912,101,0,9/12 1,5:41,01:57,02:,40,S
1781,326,,004,0982,5550,157,0,9/12 1,5:51,00:40,02:,40,S
1789,326,,004,0944,7118,379,0,9/12 1,5:56,01:03,02:,40,S
1815,326,,004,0978,6175,573,0,9/12 1,6:12,00:06,02:,40,S
1825,326,,004,0978,6175,573,0,9/12 1,6:16,00:47,02:,40,S
1826,326,,004,0986,4587,073,0,9/12 1,6:19,01:12,02:,40,S
1833,326,07,004,9003,9117,45,0,9/12 1,6:21,01:04,00:,00,R
1852,326,,004,0952,9994,618,0,9/12 1,6:28,00:40,02:,40,S
1862,326,,004,0998,0560,763,0,9/12 1,6:34,02:48,02:,40,S
1878,326,,004,0981,4514,070,0,9/12 1,6:40,01:25,02:,40,S
1890,326,,004,0989,5590,805,0,9/12 1,6:45,00:34,02:,40,S
1898,326,,004,0982,6700,077,0,9/12 1,6:50,01:52,02:,40,S
1911,326,,004,0992,5004,538,0,9/12 1,6:55,00:56,02:,40,S
1926,326,,004,0905,0910,365,0,9/12 1,6:58,01:12,02:,40,S
1954,326,,004,0917,7767,662,0,9/12 1,7:30,00:29,02:,40,S
1959,326,,004,0966,3374,905,0,9/12 1,7:32,00:31,02:,40,S
1975,326,,004,0988,4258,645,0,9/12 1,7:38,01:11,02:,40,S
1990,326,,004,0968,5530,201,0,9/12 1,7:43,02:37,02:,40,S
1997,326,,004,0954,5554,733,0,9/12 1,7:47,01:45,02:,40,S
2022,326,,004,0720,8072,224,0,9/12 1,7:59,01:24,02:,40,S
2035,326,,004,0995,9725,304,0,9/12 1,8:06,00:31,02:,40,S
2050,326,,004,0924,6393,463,0,9/12 1,8:12,00:28,02:,40,S
2061,326,,004,0976,6066,250,0,9/12 1,8:14,01:44,02:,40,S
2067,326,,004,0998,5524,545,0,9/12 1,8:17,00:35,02:,40,S
2091,326,,004,0964,6859,009,0,9/12 1,8:29,01:18,02:,40,S
2099,326,,004,0938,0207,939,0,9/12 1,8:33,00:40,02:,40,S
2113,326,,004,0974,3795,245,0,9/12 1,8:44,03:29,04:,80,S
1291,327,06   0,04,997144,4337,,09/,12 10:,41,05:16,00:00,,R*
1298,327,,004,0986,8227,610,0,9/12 1,0:45,00:25,02:,40,S
1308,327,,004,0931,1388,117,0,9/12 1,0:52,05:27,04:,80,S  *
1322,327,,004,0981,0856,161,0,9/12 1,1:02,00:17,02:,40,S
1324,327,20   0,04,773725,2857,,09/,12 11:,04,00:00,00:00,,U
1326,327,20   0,04,773725,2857,,09/,12 11:,05,00:00,00:00,,U
1329,327,,004,0989,9683,808,0,9/12 1,1:07,04:22,04:,80,S
1331,327,05   0,04,773725,2857,,09/,12 11:,08,00:17,00:00,,R
1370,327,,004,0997,1032,288,0,9/12 1,1:23,11:00,09:,60,S  #
1425,327,,004,0981,0996,633,0,9/12 1,1:51,21:51,19:,20,S  #
1433,327,,004,0941,6076,674,0,9/12 1,1:53,00:21,02:,40,S
1448,327,,004,0981,1087,062,0,9/12 1,1:58,03:18,04:,80,S
1478,327,,004,0989,1717,370,0,9/12 1,2:13,03:05,04:,80,S
1524,327,,004,0995,3813,942,0,9/12 1,2:42,00:18,02:,40,S
1530,327,,004,0981,0908,171,0,9/12 1,2:46,03:47,04:,80,S
1561,327,,004,0971,7390,688,0,9/12 1,3:07,10:18,09:,60,S  #
1582,327,20   0,04,981810,5798,,09/,12 13:,20,00:00,00:00,,U
1584,327,,004,0981,0967,969,0,9/12 1,3:21,09:48,09:,60,S  *
1591,327,,004,0981,0554,435,0,9/12 1,3:26,00:27,02:,40,S
1606,327,,004,9828,1138,55,0,9/12 1,4:00,01:12,01:,20,
1607,327,,004,9828,3645,94,0,9/12 1,4:01,00:23,01:,20,
1702,327,,004,0941,6076,674,0,9/12 1,5:12,00:12,02:,40,S
1707,327,,004,0935,1336,162,0,9/12 1,5:15,01:15,02:,40,S
1719,327,,004,0921,0065,640,0,9/12 1,5:20,03:19,04:,80,S
1739,327,,004,0989,1585,203,0,9/12 1,5:30,04:06,04:,80,S
1774,327,,004,0965,0166,608,0,9/12 1,5:47,09:37,09:,60,S  *
1802,327,,004,0995,3828,372,0,9/12 1,6:04,08:06,07:,20,S  *
1807,327,,004,0981,8611,332,0,9/12 1,6:09,00:45,02:,40,S
1841,327,,004,0982,7159,887,0,9/12 1,6:25,12:37,12:,00,S  #
1864,327,,004,0981,0554,435,0,9/12 1,6:35,06:42,07:,20,S  *
1893,327,,004,0981,8335,270,0,9/12 1,6:48,10:43,09:,60,S  #
1907,327,,004,0981,0021,307,0,9/12 1,6:53,02:51,02:,40,S
1932,327,,004,0991,0897,845,0,9/12 1,7:03,05:34,04:,80,S  *
1955,327,,004,0956,0159,591,0,9/12 1,7:31,00:40,02:,40,S
1988,327,,004,0965,4995,627,0,9/12 1,7:42,10:53,09:,60,S  #
2009,327,,004,0981,8434,375,0,9/12 1,7:50,03:13,04:,80,S
2012,327,,004,0971,1003,118,0,9/12 1,7:53,00:35,02:,40,S
2016,327,,004,0987,3039,723,0,9/12 1,7:55,00:37,02:,40,S
2037,327,,004,0999,7555,300,0,9/12 1,8:07,10:30,09:,60,S  #
2044,327,,004,0954,0222,214,0,9/12 1,8:10,00:16,02:,40,S
2048,327,,004,0954,0222,214,0,9/12 1,8:11,00:14,02:,40,S
2056,327,,004,0987,1877,996,0,9/12 1,8:13,00:48,02:,40,S
2058,327,,004,0987,1877,996,0,9/12 1,8:14,00:02,02:,40,S
2069,327,,004,0987,1877,996,0,9/12 1,8:18,03:52,04:,80,S
2079,327,,004,0971,1777,406,0,9/12 1,8:24,03:29,04:,80,S
2105,327,,004,0935,0026,411,0,9/12 1,8:36,09:37,09:,60,S  *
2134,327,,004,0971,1003,118,0,9/12 1,8:54,06:54,07:,20,S  *
2151,327,,004,9602,3187,60,0,9/12 2,1:36,00:45,01:,20,
1271,328,,004,9672,0477,74,0,9/12 0,8:27,08:55,03:,60,*
1272,328,,004,9571,5410,04,0,9/12 0,8:46,03:28,02:,40,
1281,328,,004,4111,222,,0,9/12 1,0:34,00:35,01:,20,
1330,328,,004,9461,6865,67,0,9/12 1,1:08,00:29,01:,20,
1334,328,03,004,1414,0046,75,0,9/12 1,1:09,01:30,00:,00,R
1356,328,,004,9983,4355,53,0,9/12 1,1:17,00:51,01:,20,
1358,328,07,004,9829,4871,57,0,9/12 1,1:18,00:36,00:,00,R
1366,328,,004,9928,1667,77,0,9/12 1,1:21,00:48,01:,20,
1374,328,,004,9413,2744,77,0,9/12 1,1:24,01:26,01:,20,
1381,328,20,004,9413,2744,77,0,9/12 1,1:29,00:00,00:,00,U
1387,328,,004,9352,4819,42,0,9/12 1,1:30,02:30,01:,20,
1397,328,,004,9928,4243,57,0,9/12 1,1:34,02:12,01:,20,
1455,328,,004,4122,222,,0,9/12 1,2:01,03:40,02:,40,
1476,328,,004,9461,6865,67,0,9/12 1,2:12,04:15,02:,40,
1486,328,04,004,1414,0046,75,0,9/12 1,2:18,01:39,00:,00,R
1491,328,,004,4111,222,,0,9/12 1,2:20,00:51,01:,20,
1493,328,,004,9461,6865,67,0,9/12 1,2:21,00:03,01:,20,
1499,328,04,004,1414,0046,75,0,9/12 1,2:24,02:59,00:,00,R
1503,328,20,004,9413,2744,77,0,9/12 1,2:26,00:00,00:,00,U
1506,328,06,004,1414,0046,75,0,9/12 1,2:27,02:00,00:,00,R
1546,328,04,004,9928,8692,95,0,9/12 1,2:52,00:00,00:,00,U
1610,328,,004,9414,0061,50,0,9/12 1,4:06,01:32,01:,20,
1612,328,,004,9549,6518,59,0,9/12 1,4:10,00:16,01:,20,
1614,328,,004,9413,2744,77,0,9/12 1,4:14,02:39,01:,20,
1615,328,,004,9461,6865,67,0,9/12 1,4:15,00:45,01:,20,
1617,328,03,004,1414,0046,75,0,9/12 1,4:16,00:36,00:,00,R
1622,328,,004,9413,2744,77,0,9/12 1,4:18,01:45,01:,20,
1629,328,,004,9549,6518,59,0,9/12 1,4:24,00:40,01:,20,
1644,328,,004,4111,222,,0,9/12 1,4:41,00:33,01:,20,
1731,328,,004,4111,222,,0,9/12 1,5:26,02:34,01:,20,
2014,328,,004,4072,222,,0,9/12 1,7:54,00:45,01:,20,
2023,328,,004,9829,6744,07,0,9/12 1,7:59,01:04,01:,20,
2161,328,,004,9828,5445,22,1,0/12 0,9:19,01:08,01:,20,
2162,328,,004,9929,5569,54,1,0/12 1,0:14,02:28,01:,20,
2163,328,,004,9829,5559,99,1,0/12 1,0:16,01:04,01:,20,
1273,329,,004,9549,6972,54,0,9/12 0,9:12,00:22,01:,20,
1274,329,,004,9672,0477,74,0,9/12 0,9:13,00:28,01:,20,
1288,329,,004,0931,3668,289,0,9/12 1,0:39,01:08,02:,40,S
1312,329,,004,9784,3417,30,0,9/12 1,0:57,03:02,02:,40,
1332,329,,004,9829,4222,52,0,9/12 1,1:09,04:15,02:,40,
1341,329,19,004,9351,6287,74,0,9/12 1,1:11,00:00,00:,00,U
1357,329,,004,9784,3417,30,0,9/12 1,1:17,04:19,02:,40,
1457,329,,004,9929,0659,00,0,9/12 1,2:02,04:34,02:,40,
1473,329,,004,6700,533,,0,9/12 1,2:10,01:28,01:,20,
1482,329,,004,0931,3668,289,0,9/12 1,2:16,02:44,02:,40,S
1527,329,,004,0950,3865,724,0,9/12 1,2:44,04:01,04:,80,S
1548,329,,004,0934,3867,701,0,9/12 1,2:53,00:26,02:,40,S
1567,329,,004,0931,7545,075,0,9/12 1,3:09,01:13,02:,40,S
1570,329,09,004,9343,8677,01,0,9/12 1,3:10,00:48,00:,00,R
1601,329,,004,0114,6664,000,0,9/12 1,3:44,08:03,07:,20,S  *
1630,329,,004,9587,7770,70,0,9/12 1,4:24,00:49,01:,20,
1633,329,,004,0958,2055,581,0,9/12 1,4:33,01:14,02:,40,S
1722,329,,004,0999,9179,460,0,9/12 1,5:22,00:35,02:,40,S
1886,329,,004,9829,4555,67,0,9/12 1,6:42,00:35,01:,20,
1935,329,,004,0982,3124,181,0,9/12 1,7:09,02:31,02:,40,S
1944,329,,004,6700,531,,0,9/12 1,7:23,00:22,01:,20,
2055,329,,004,9784,3417,30,0,9/12 1,8:13,00:40,01:,20,
1423,331,19,004,9610,4504,40,0,9/12 1,1:49,01:55,00:,00,R
1479,331,01,004,2261,2043,00,0,9/12 1,2:14,00:00,00:,00,U
1488,331,15,004,2261,2043,00,0,9/12 1,2:19,02:55,00:,00,R
1943,331,09,004,9610,4504,40,0,9/12 1,7:22,02:04,00:,00,R
1275,333,16,004,8527,3150,45,0,9/12 1,0:19,02:59,00:,00,R
1676,333,,004,2709,052,,0,9/12 1,4:58,01:39,01:,20,
1695,333,,004,0981,1750,280,0,9/12 1,5:08,03:10,04:,80,S
1710,333,,004,0981,1750,280,0,9/12 1,5:17,00:55,02:,40,S
1913,333,,004,0971,1260,381,0,9/12 1,6:56,00:54,02:,40,S
1931,333,,004,0931,0205,930,0,9/12 1,7:03,02:08,02:,40,S
1933,333,,004,0987,1630,599,0,9/12 1,7:05,01:08,02:,40,S
1946,333,,004,0995,8997,404,0,9/12 1,7:26,01:48,02:,40,S
1957,333,,004,0995,8146,661,0,9/12 1,7:31,00:32,02:,40,S
1964,333,,004,0981,0314,184,0,9/12 1,7:34,01:18,02:,40,S
2120,333,,004,0995,5157,838,0,9/12 1,8:50,03:38,04:,80,S
2155,333,,004,9672,0477,74,1,0/12 0,7:48,04:19,02:,40,
2156,333,,004,9571,5410,04,1,0/12 0,7:54,05:49,02:,40,*
2157,333,,004,9928,2152,15,1,0/12 0,7:57,02:13,01:,20,
1428,341,,004,9799,7547,75,0,9/12 1,1:52,00:11,01:,20,
1434,341,,004,9672,0477,74,0,9/12 1,1:54,01:21,01:,20,
1600,341,,004,9784,6566,61,0,9/12 1,3:40,00:29,01:,20,
1609,341,21,004,9928,4823,93,0,9/12 1,4:05,00:59,00:,00,R
1616,341,,004,9602,3187,60,0,9/12 1,4:16,00:55,01:,20,
1621,341,,004,9672,0477,74,0,9/12 1,4:18,01:07,01:,20,
1749,341,,004,9571,5410,04,0,9/12 1,5:35,01:53,01:,20,
1758,341,,004,9001,2507,23,0,9/12 1,5:38,03:21,02:,40,
1869,341,,004,9352,4918,32,0,9/12 1,6:37,01:15,01:,20,
1912,341,20,004,9314,0093,48,0,9/12 1,6:55,00:00,00:,00,U
1915,341,19,004,9314,0093,48,0,9/12 1,6:56,00:00,00:,00,U
1920,341,,004,8890,5477,50,0,9/12 1,6:57,02:30,01:,20,
1921,341,16,004,9314,0093,48,0,9/12 1,6:57,00:02,00:,00,R
1922,341,05,004,9314,0093,48,0,9/12 1,6:57,00:00,00:,00,U
1948,341,,004,9549,6972,54,0,9/12 1,7:27,00:14,01:,20,
1952,341,,004,9672,0477,74,0,9/12 1,7:29,01:05,01:,20,
2139,341,,004,9784,0183,17,0,9/12 1,9:01,01:46,01:,20,
2142,341,,004,9672,0477,74,0,9/12 1,9:22,02:09,01:,20,
2144,341,,004,9829,3747,17,0,9/12 1,9:46,00:47,01:,20,
2145,341,,004,9983,3737,37,0,9/12 1,9:49,02:15,01:,20,
2153,341,,004,9352,1766,51,0,9/12 2,1:59,01:19,01:,20,
2154,341,,004,7737,7594,54,0,9/12 2,2:06,06:35,03:,60,*
1276,301,05,004,1412,2278,33,0,9/12 1,0:25,04:56,00:,00,R
2033,301,,004,9413,8320,62,0,9/12 1,8:05,00:36,01:,20,
2164,301,05,004,1412,2803,75,1,0/12 1,0:19,02:10,00:,00,R